codecommune,nomcommune,dep,depancien,codecommuneancien
2A001,AFA,2A,CO2A,20001
2A004,AJACCIO,2A,CO2A,20004
2A006,ALATA,2A,CO2A,20006
2A008,ALBITRECCIA,2A,CO2A,20008
2A011,ALTAGENE,2A,CO2A,20011
2A014,AMBIEGNA,2A,CO2A,20014
2A017,APPIETTO,2A,CO2A,20017
2A018,ARBELLARA,2A,CO2A,20018
2A019,ARBORI,2A,CO2A,20019
2A021,ARGIUSTA-MORICCIO,2A,CO2A,20021
2A022,ARRO,2A,CO2A,20022
2A024,AULLENE,2A,CO2A,20024
2A026,AZILONE-AMPAZA,2A,CO2A,20026
2A027,AZZANA,2A,CO2A,20027
2A028,BALOGNA,2A,CO2A,20028
2A031,BASTELICA,2A,CO2A,20031
2A032,BASTELICACCIA,2A,CO2A,20032
2A035,BELVEDERE-CAMPOMORO,2A,CO2A,20035
2A038,BILIA,2A,CO2A,20038
2A040,BOCOGNANO,2A,CO2A,20040
2A041,BONIFACIO,2A,CO2A,20041
2A048,CALCATOGGIO,2A,CO2A,20048
2A056,CAMPO,2A,CO2A,20056
2A060,CANNELLE,2A,CO2A,20060
2A061,CARBINI,2A,CO2A,20061
2A062,CARBUCCIA,2A,CO2A,20062
2A064,CARDO-TORGIA,2A,CO2A,20064
2A065,CARGESE,2A,CO2A,20065
2A066,CARGIACA,2A,CO2A,20066
2A070,CASAGLIONE,2A,CO2A,20070
2A071,CASALABRIVA,2A,CO2A,20071
2A085,CAURO,2A,CO2A,20085
2A089,CIAMANNACCE,2A,CO2A,20089
2A090,COGGIA,2A,CO2A,20090
2A091,COGNOCOLI-MONTICCHI,2A,CO2A,20091
2A092,CONCA,2A,CO2A,20092
2A094,CORRANO,2A,CO2A,20094
2A098,COTI-CHIAVARI,2A,CO2A,20098
2A099,COZZANO,2A,CO2A,20099
2A100,CRISTINACCE,2A,CO2A,20100
2A103,CUTTOLI-CORTICCHIATO,2A,CO2A,20103
2A104,ECCICA-SUARELLA,2A,CO2A,20104
2A108,EVISA,2A,CO2A,20108
2A114,FIGARI,2A,CO2A,20114
2A115,FOCE,2A,CO2A,20115
2A117,FORCIOLO,2A,CO2A,20117
2A118,FOZZANO,2A,CO2A,20118
2A119,FRASSETO,2A,CO2A,20119
2A127,GIUNCHETO,2A,CO2A,20127
2A128,GRANACE,2A,CO2A,20128
2A129,GROSSA,2A,CO2A,20129
2A130,GROSSETO-PRUGNA,2A,CO2A,20130
2A131,GUAGNO,2A,CO2A,20131
2A132,GUARGUALE,2A,CO2A,20132
2A133,GUITERA-LES-BAINS,2A,CO2A,20133
2A139,LECCI,2A,CO2A,20139
2A141,LETIA,2A,CO2A,20141
2A142,LEVIE,2A,CO2A,20142
2A144,LOPIGNA,2A,CO2A,20144
2A146,LORETO-DI-TALLANO,2A,CO2A,20146
2A154,MARIGNANA,2A,CO2A,20154
2A158,MELA,2A,CO2A,20158
2A160,MOCA-CROCE,2A,CO2A,20160
2A163,MONACIA-D'AULLENE,2A,CO2A,20163
2A174,MURZO,2A,CO2A,20174
2A181,OCANA,2A,CO2A,20181
2A186,OLIVESE,2A,CO2A,20186
2A189,OLMETO,2A,CO2A,20189
2A191,OLMICCIA,2A,CO2A,20191
2A196,ORTO,2A,CO2A,20196
2A197,OSANI,2A,CO2A,20197
2A198,OTA,2A,CO2A,20198
2A200,PALNECA,2A,CO2A,20200
2A203,PARTINELLO,2A,CO2A,20203
2A204,PASTRICCIOLA,2A,CO2A,20204
2A209,PERI,2A,CO2A,20209
2A211,PETRETO-BICCHISANO,2A,CO2A,20211
2A212,PIANA,2A,CO2A,20212
2A215,PIANOTOLLI-CALDARELLO,2A,CO2A,20215
2A228,PIETROSELLA,2A,CO2A,20228
2A232,PILA-CANALE,2A,CO2A,20232
2A240,POGGIOLO,2A,CO2A,20240
2A247,PORTO-VECCHIO,2A,CO2A,20247
2A249,PROPRIANO,2A,CO2A,20249
2A253,QUASQUARA,2A,CO2A,20253
2A254,QUENZA,2A,CO2A,20254
2A258,RENNO,2A,CO2A,20258
2A259,REZZA,2A,CO2A,20259
2A262,ROSAZIA,2A,CO2A,20262
2A266,SALICE,2A,CO2A,20266
2A268,SAMPOLO,2A,CO2A,20268
2A269,SARI-SOLENZARA,2A,CO2A,20269
2A270,SARI-D'ORCINO,2A,CO2A,20270
2A271,SARROLA-CARCOPINO,2A,CO2A,20271
2A272,SARTENE,2A,CO2A,20272
2A276,SERRA-DI-FERRO,2A,CO2A,20276
2A278,SERRA-DI-SCOPAMENE,2A,CO2A,20278
2A279,SERRIERA,2A,CO2A,20279
2A282,SOCCIA,2A,CO2A,20282
2A284,SOLLACARO,2A,CO2A,20284
2A285,SORBOLLANO,2A,CO2A,20285
2A288,SOTTA,2A,CO2A,20288
2A295,SANT'ANDREA-D'ORCINO,2A,CO2A,20295
2A300,SAN-GAVINO-DI-CARBINI,2A,CO2A,20300
2A308,SAINTE-LUCIE-DE-TALLANO,2A,CO2A,20308
2A310,SANTA-MARIA-FIGANIELLA,2A,CO2A,20310
2A312,SANTA-MARIA-SICHE,2A,CO2A,20312
2A322,TASSO,2A,CO2A,20322
2A323,TAVACO,2A,CO2A,20323
2A324,TAVERA,2A,CO2A,20324
2A326,TOLLA,2A,CO2A,20326
2A330,UCCIANI,2A,CO2A,20330
2A331,URBALACONE,2A,CO2A,20331
2A336,VALLE-DI-MEZZANA,2A,CO2A,20336
2A345,VERO,2A,CO2A,20345
2A348,VICO,2A,CO2A,20348
2A349,VIGGIANELLO,2A,CO2A,20349
2A351,VILLANOVA,2A,CO2A,20351
2A357,ZERUBIA,2A,CO2A,20357
2A358,ZEVACO,2A,CO2A,20358
2A359,ZICAVO,2A,CO2A,20359
2A360,ZIGLIARA,2A,CO2A,20360
2A362,ZONZA,2A,CO2A,20362
2A363,ZOZA,2A,CO2A,20363
2B002,AGHIONE,2B,CO2B,20002
2B003,AITI,2B,CO2B,20003
2B005,ALANDO,2B,CO2B,20005
2B007,ALBERTACCE,2B,CO2B,20007
2B009,ALERIA,2B,CO2B,20009
2B010,ALGAJOLA,2B,CO2B,20010
2B012,ALTIANI,2B,CO2B,20012
2B013,ALZI,2B,CO2B,20013
2B015,AMPRIANI,2B,CO2B,20015
2B016,ANTISANTI,2B,CO2B,20016
2B020,AREGNO,2B,CO2B,20020
2B023,ASCO,2B,CO2B,20023
2B025,AVAPESSA,2B,CO2B,20025
2B029,BARBAGGIO,2B,CO2B,20029
2B030,BARRETTALI,2B,CO2B,20030
2B033,BASTIA,2B,CO2B,20033
2B034,BELGODERE,2B,CO2B,20034
2B036,BIGORNO,2B,CO2B,20036
2B037,BIGUGLIA,2B,CO2B,20037
2B039,BISINCHI,2B,CO2B,20039
2B042,BORGO,2B,CO2B,20042
2B043,BRANDO,2B,CO2B,20043
2B045,BUSTANICO,2B,CO2B,20045
2B046,CAGNANO,2B,CO2B,20046
2B047,CALACUCCIA,2B,CO2B,20047
2B049,CALENZANA,2B,CO2B,20049
2B050,CALVI,2B,CO2B,20050
2B051,CAMBIA,2B,CO2B,20051
2B052,CAMPANA,2B,CO2B,20052
2B053,CAMPI,2B,CO2B,20053
2B054,CAMPILE,2B,CO2B,20054
2B055,CAMPITELLO,2B,CO2B,20055
2B057,CANALE-DI-VERDE,2B,CO2B,20057
2B058,CANARI,2B,CO2B,20058
2B059,CANAVAGGIA,2B,CO2B,20059
2B063,CARCHETO-BRUSTICO,2B,CO2B,20063
2B067,CARPINETO,2B,CO2B,20067
2B068,CARTICASI,2B,CO2B,20068
2B069,CASABIANCA,2B,CO2B,20069
2B072,CASALTA,2B,CO2B,20072
2B073,CASAMACCIOLI,2B,CO2B,20073
2B074,CASANOVA,2B,CO2B,20074
2B075,CASEVECCHIE,2B,CO2B,20075
2B077,CASTELLARE-DI-CASINCA,2B,CO2B,20077
2B078,CASTELLARE-DI-MERCURIO,2B,CO2B,20078
2B079,CASTELLO-DI-ROSTINO,2B,CO2B,20079
2B080,CASTIFAO,2B,CO2B,20080
2B081,CASTIGLIONE,2B,CO2B,20081
2B082,CASTINETA,2B,CO2B,20082
2B083,CASTIRLA,2B,CO2B,20083
2B084,CATERI,2B,CO2B,20084
2B086,CENTURI,2B,CO2B,20086
2B087,CERVIONE,2B,CO2B,20087
2B088,CHIATRA,2B,CO2B,20088
2B093,CORBARA,2B,CO2B,20093
2B095,CORSCIA,2B,CO2B,20095
2B096,CORTE,2B,CO2B,20096
2B097,COSTA,2B,CO2B,20097
2B101,CROCE,2B,CO2B,20101
2B102,CROCICCHIA,2B,CO2B,20102
2B105,ERBAJOLO,2B,CO2B,20105
2B106,ERONE,2B,CO2B,20106
2B107,ERSA,2B,CO2B,20107
2B109,FARINOLE,2B,CO2B,20109
2B110,FAVALELLO,2B,CO2B,20110
2B111,FELCE,2B,CO2B,20111
2B112,FELICETO,2B,CO2B,20112
2B113,FICAJA,2B,CO2B,20113
2B116,FOCICCHIA,2B,CO2B,20116
2B120,FURIANI,2B,CO2B,20120
2B121,GALERIA,2B,CO2B,20121
2B122,GAVIGNANO,2B,CO2B,20122
2B123,GHISONACCIA,2B,CO2B,20123
2B124,GHISONI,2B,CO2B,20124
2B125,GIOCATOJO,2B,CO2B,20125
2B126,GIUNCAGGIO,2B,CO2B,20126
2B134,ILE-ROUSSE,2B,CO2B,20134
2B135,ISOLACCIO-DI-FIUMORBO,2B,CO2B,20135
2B136,LAMA,2B,CO2B,20136
2B137,LANO,2B,CO2B,20137
2B138,LAVATOGGIO,2B,CO2B,20138
2B140,LENTO,2B,CO2B,20140
2B143,LINGUIZZETTA,2B,CO2B,20143
2B145,LORETO-DI-CASINCA,2B,CO2B,20145
2B147,LOZZI,2B,CO2B,20147
2B148,LUCCIANA,2B,CO2B,20148
2B149,LUGO-DI-NAZZA,2B,CO2B,20149
2B150,LUMIO,2B,CO2B,20150
2B152,LURI,2B,CO2B,20152
2B153,MANSO,2B,CO2B,20153
2B155,MATRA,2B,CO2B,20155
2B156,MAUSOLEO,2B,CO2B,20156
2B157,MAZZOLA,2B,CO2B,20157
2B159,MERIA,2B,CO2B,20159
2B161,MOITA,2B,CO2B,20161
2B162,MOLTIFAO,2B,CO2B,20162
2B164,MONACIA-D'OREZZA,2B,CO2B,20164
2B165,MONCALE,2B,CO2B,20165
2B166,MONTE,2B,CO2B,20166
2B167,MONTEGROSSO,2B,CO2B,20167
2B168,MONTICELLO,2B,CO2B,20168
2B169,MOROSAGLIA,2B,CO2B,20169
2B170,MORSIGLIA,2B,CO2B,20170
2B171,MURACCIOLE,2B,CO2B,20171
2B172,MURATO,2B,CO2B,20172
2B173,MURO,2B,CO2B,20173
2B175,NESSA,2B,CO2B,20175
2B176,NOCARIO,2B,CO2B,20176
2B177,NOCETA,2B,CO2B,20177
2B178,NONZA,2B,CO2B,20178
2B179,NOVALE,2B,CO2B,20179
2B180,NOVELLA,2B,CO2B,20180
2B182,OCCHIATANA,2B,CO2B,20182
2B183,OGLIASTRO,2B,CO2B,20183
2B184,OLCANI,2B,CO2B,20184
2B185,OLETTA,2B,CO2B,20185
2B187,OLMETA-DI-CAPOCORSO,2B,CO2B,20187
2B188,OLMETA-DI-TUDA,2B,CO2B,20188
2B190,OLMI-CAPPELLA,2B,CO2B,20190
2B192,OLMO,2B,CO2B,20192
2B193,OMESSA,2B,CO2B,20193
2B194,ORTALE,2B,CO2B,20194
2B195,ORTIPORIO,2B,CO2B,20195
2B199,PALASCA,2B,CO2B,20199
2B201,PANCHERACCIA,2B,CO2B,20201
2B202,PARATA,2B,CO2B,20202
2B205,PATRIMONIO,2B,CO2B,20205
2B206,PENTA-ACQUATELLA,2B,CO2B,20206
2B207,PENTA-DI-CASINCA,2B,CO2B,20207
2B208,PERELLI,2B,CO2B,20208
2B210,PERO-CASEVECCHIE,2B,CO2B,20210
2B213,PIANELLO,2B,CO2B,20213
2B214,PIANO,2B,CO2B,20214
2B216,PIAZZALI,2B,CO2B,20216
2B217,PIAZZOLE,2B,CO2B,20217
2B218,PIEDICORTE-DI-GAGGIO,2B,CO2B,20218
2B219,PIEDICROCE,2B,CO2B,20219
2B220,PIEDIGRIGGIO,2B,CO2B,20220
2B221,PIEDIPARTINO,2B,CO2B,20221
2B222,PIE-D'OREZZA,2B,CO2B,20222
2B223,PIETRALBA,2B,CO2B,20223
2B224,PIETRACORBARA,2B,CO2B,20224
2B225,PIETRA-DI-VERDE,2B,CO2B,20225
2B226,PIETRASERENA,2B,CO2B,20226
2B227,PIETRICAGGIO,2B,CO2B,20227
2B229,PIETROSO,2B,CO2B,20229
2B230,PIEVE,2B,CO2B,20230
2B231,PIGNA,2B,CO2B,20231
2B233,PINO,2B,CO2B,20233
2B234,PIOBETTA,2B,CO2B,20234
2B235,PIOGGIOLA,2B,CO2B,20235
2B236,POGGIO-DI-NAZZA,2B,CO2B,20236
2B238,POGGIO-DI-VENACO,2B,CO2B,20238
2B239,POGGIO-D'OLETTA,2B,CO2B,20239
2B241,POGGIO-MARINACCIO,2B,CO2B,20241
2B242,POGGIO-MEZZANA,2B,CO2B,20242
2B243,POLVEROSO,2B,CO2B,20243
2B244,POPOLASCA,2B,CO2B,20244
2B245,PORRI,2B,CO2B,20245
2B246,PORTA,2B,CO2B,20246
2B248,PRATO-DI-GIOVELLINA,2B,CO2B,20248
2B250,PRUNELLI-DI-CASACCONI,2B,CO2B,20250
2B251,PRUNELLI-DI-FIUMORBO,2B,CO2B,20251
2B252,PRUNO,2B,CO2B,20252
2B255,QUERCITELLO,2B,CO2B,20255
2B256,RAPAGGIO,2B,CO2B,20256
2B257,RAPALE,2B,CO2B,20257
2B260,RIVENTOSA,2B,CO2B,20260
2B261,ROGLIANO,2B,CO2B,20261
2B263,ROSPIGLIANI,2B,CO2B,20263
2B264,RUSIO,2B,CO2B,20264
2B265,RUTALI,2B,CO2B,20265
2B267,SALICETO,2B,CO2B,20267
2B273,SCATA,2B,CO2B,20273
2B274,SCOLCA,2B,CO2B,20274
2B275,SERMANO,2B,CO2B,20275
2B277,SERRA-DI-FIUMORBO,2B,CO2B,20277
2B280,SILVARECCIO,2B,CO2B,20280
2B281,SISCO,2B,CO2B,20281
2B283,SOLARO,2B,CO2B,20283
2B286,SORBO-OCAGNANO,2B,CO2B,20286
2B287,SORIO,2B,CO2B,20287
2B289,SOVERIA,2B,CO2B,20289
2B290,SPELONCATO,2B,CO2B,20290
2B291,STAZZONA,2B,CO2B,20291
2B292,SANT'ANDREA-DI-BOZIO,2B,CO2B,20292
2B293,SANT'ANDREA-DI-COTONE,2B,CO2B,20293
2B296,SANT'ANTONINO,2B,CO2B,20296
2B297,SAN-DAMIANO,2B,CO2B,20297
2B298,SAINT-FLORENT,2B,CO2B,20298
2B299,SAN-GAVINO-D'AMPUGNANI,2B,CO2B,20299
2B301,SAN-GAVINO-DI-TENDA,2B,CO2B,20301
2B302,SAN-GIOVANNI-DI-MORIANI,2B,CO2B,20302
2B303,SAN-GIULIANO,2B,CO2B,20303
2B304,SAN-LORENZO,2B,CO2B,20304
2B305,SAN-MARTINO-DI-LOTA,2B,CO2B,20305
2B306,SANTA-LUCIA-DI-MERCURIO,2B,CO2B,20306
2B307,SANTA-LUCIA-DI-MORIANI,2B,CO2B,20307
2B309,SANTA-MARIA-DI-LOTA,2B,CO2B,20309
2B311,SANTA-MARIA-POGGIO,2B,CO2B,20311
2B313,SAN-NICOLAO,2B,CO2B,20313
2B314,SANTO-PIETRO-DI-TENDA,2B,CO2B,20314
2B315,SANTO-PIETRO-DI-VENACO,2B,CO2B,20315
2B316,SANTA-REPARATA-DI-BALAGNA,2B,CO2B,20316
2B317,SANTA-REPARATA-DI-MORIANI,2B,CO2B,20317
2B318,TAGLIO-ISOLACCIO,2B,CO2B,20318
2B319,TALASANI,2B,CO2B,20319
2B320,TALLONE,2B,CO2B,20320
2B321,TARRANO,2B,CO2B,20321
2B327,TOMINO,2B,CO2B,20327
2B328,TOX,2B,CO2B,20328
2B329,TRALONCA,2B,CO2B,20329
2B332,URTACA,2B,CO2B,20332
2B333,VALLECALLE,2B,CO2B,20333
2B334,VALLE-D'ALESANI,2B,CO2B,20334
2B335,VALLE-DI-CAMPOLORO,2B,CO2B,20335
2B337,VALLE-DI-ROSTINO,2B,CO2B,20337
2B338,VALLE-D'OREZZA,2B,CO2B,20338
2B339,VALLICA,2B,CO2B,20339
2B340,VELONE-ORNETO,2B,CO2B,20340
2B341,VENACO,2B,CO2B,20341
2B342,VENTISERI,2B,CO2B,20342
2B343,VENZOLASCA,2B,CO2B,20343
2B344,VERDESE,2B,CO2B,20344
2B346,VESCOVATO,2B,CO2B,20346
2B347,VEZZANI,2B,CO2B,20347
2B350,VIGNALE,2B,CO2B,20350
2B352,VILLE-DI-PARASO,2B,CO2B,20352
2B353,VILLE-DI-PIETRABUGNO,2B,CO2B,20353
2B354,VIVARIO,2B,CO2B,20354
2B355,VOLPAJOLA,2B,CO2B,20355
2B356,ZALANA,2B,CO2B,20356
2B361,ZILIA,2B,CO2B,20361
2B364,ZUANI,2B,CO2B,20364
2B365,SAN-GAVINO-DI-FIUMORBO,2B,CO2B,20365
2B366,CHISA,2B,CO2B,20366
75101,PARIS 01,75,SE75,75101
75102,PARIS 02,75,SE75,75102
75103,PARIS 03,75,SE75,75103
75104,PARIS 04,75,SE75,75104
75105,PARIS 05,75,SE75,75105
75106,PARIS 06,75,SE75,75106
75107,PARIS 07,75,SE75,75107
75108,PARIS 08,75,SE75,75108
75109,PARIS 09,75,SE75,75109
75110,PARIS 10,75,SE75,75110
75111,PARIS 11,75,SE75,75111
75112,PARIS 12,75,SE75,75112
75113,PARIS 13,75,SE75,75113
75114,PARIS 14,75,SE75,75114
75115,PARIS 15,75,SE75,75115
75116,PARIS 16,75,SE75,75116
75117,PARIS 17,75,SE75,75117
75118,PARIS 18,75,SE75,75118
75119,PARIS 19,75,SE75,75119
75120,PARIS 20,75,SE75,75120
78003,ABLIS,78,SO78,78003
78005,ACHERES,78,SO78,78005
78006,ADAINVILLE,78,SO78,78006
78007,AIGREMONT,78,SO78,78007
78009,ALLAINVILLE,78,SO78,78009
78010,ALLUETS-LE-ROI,78,SO78,78010
78013,ANDELU,78,SO78,78013
78015,ANDRESY,78,SO78,78015
78020,ARNOUVILLE-LES-MANTES,78,SO78,78020
78029,AUBERGENVILLE,78,SO78,78029
78030,AUFFARGIS,78,SO78,78030
78031,AUFFREVILLE-BRASSEUIL,78,SO78,78031
78033,AULNAY-SUR-MAULDRE,78,SO78,78033
78034,AUTEUIL,78,SO78,78034
78036,AUTOUILLET,78,SO78,78036
78043,BAILLY,78,SO78,78043
78048,BAZAINVILLE,78,SO78,78048
78049,BAZEMONT,78,SO78,78049
78050,BAZOCHES-SUR-GUYONNE,78,SO78,78050
78053,BEHOUST,78,SO78,78053
78057,BENNECOURT,78,SO78,78057
78062,BEYNES,78,SO78,78062
78068,BLARU,78,SO78,78068
78070,BOINVILLE-EN-MANTOIS,78,SO78,78070
78071,BOINVILLE-LE-GAILLARD,78,SO78,78071
78072,BOINVILLIERS,78,SO78,78072
78073,BOIS-D'ARCY,78,SO78,78073
78076,BOISSETS,78,SO78,78076
78077,BOISSIERE-ECOLE,78,SO78,78077
78082,BOISSY-MAUVOISIN,78,SO78,78082
78084,BOISSY-SANS-AVOIR,78,SO78,78084
78087,BONNELLES,78,SO78,78087
78089,BONNIERES-SUR-SEINE,78,SO78,78089
78090,BOUAFLE,78,SO78,78090
78092,BOUGIVAL,78,SO78,78092
78096,BOURDONNE,78,SO78,78096
78104,BREUIL-BOIS-ROBERT,78,SO78,78104
78107,BREVAL,78,SO78,78107
78108,BREVIAIRES,78,SO78,78108
78113,BRUEIL-EN-VEXIN,78,SO78,78113
78117,BUC,78,SO78,78117
78118,BUCHELAY,78,SO78,78118
78120,BULLION,78,SO78,78120
78123,CARRIERES-SOUS-POISSY,78,SO78,78123
78124,CARRIERES-SUR-SEINE,78,SO78,78124
78125,CELLE-LES-BORDES,78,SO78,78125
78126,CELLE-SAINT-CLOUD,78,SO78,78126
78128,CERNAY-LA-VILLE,78,SO78,78128
78133,CHAMBOURCY,78,SO78,78133
78138,CHANTELOUP-LES-VIGNES,78,SO78,78138
78140,CHAPET,78,SO78,78140
78143,CHATEAUFORT,78,SO78,91143
78146,CHATOU,78,SO78,78146
78147,CHAUFOUR-LES-BONNIERES,78,SO78,78147
78152,CHAVENAY,78,SO78,78152
78158,CHESNAY,78,SO78,78158
78160,CHEVREUSE,78,SO78,78160
78162,CHOISEL,78,SO78,78162
78163,CIVRY-LA-FORET,78,SO78,78163
78164,CLAIREFONTAINE-EN-YVELINES,78,SO78,78164
78165,CLAYES-SOUS-BOIS,78,SO78,78165
78168,COIGNIERES,78,SO78,78168
78171,CONDE-SUR-VESGRE,78,SO78,78171
78172,CONFLANS-SAINTE-HONORINE,78,SO78,78172
78185,COURGENT,78,SO78,78185
78188,CRAVENT,78,SO78,78188
78189,CRESPIERES,78,SO78,78189
78190,CROISSY-SUR-SEINE,78,SO78,78190
78192,DAMMARTIN-EN-SERVE,78,SO78,78192
78193,MAINCOURT-SUR-YVETTE,78,SO78,78357
78194,DANNEMARIE,78,SO78,78194
78196,DAVRON,78,SO78,78196
78202,DROCOURT,78,SO78,78202
78206,ECQUEVILLY,78,SO78,78206
78208,ELANCOURT,78,SO78,78208
78209,EMANCE,78,SO78,78209
78217,EPONE,78,SO78,78217
78220,ESSARTS-LE-ROI,78,SO78,78220
78224,ETANG-LA-VILLE,78,SO78,78224
78227,EVECQUEMONT,78,SO78,78227
78230,FALAISE,78,SO78,78230
78231,FAVRIEUX,78,SO78,78231
78233,FEUCHEROLLES,78,SO78,78233
78234,FLACOURT,78,SO78,78234
78236,FLEXANVILLE,78,SO78,78236
78237,FLINS-NEUVE-EGLISE,78,SO78,78237
78238,FLINS-SUR-SEINE,78,SO78,78238
78239,FOLLAINVILLE-DENNEMONT,78,SO78,78239
78242,FONTENAY-LE-FLEURY,78,SO78,78242
78245,FONTENAY-MAUVOISIN,78,SO78,78245
78246,FONTENAY-SAINT-PERE,78,SO78,78246
78251,FOURQUEUX,78,SO78,78251
78255,FRENEUSE,78,SO78,78255
78261,GAILLON-SUR-MONTCIENT,78,SO78,78261
78262,GALLUIS,78,SO78,78262
78263,GAMBAIS,78,SO78,78263
78264,GAMBAISEUIL,78,SO78,78264
78265,GARANCIERES,78,SO78,78265
78267,GARGENVILLE,78,SO78,78267
78269,GAZERAN,78,SO78,78269
78276,GOMMECOURT,78,SO78,78276
78278,GOUPILLIERES,78,SO78,78278
78281,GOUSSONVILLE,78,SO78,78281
78283,GRANDCHAMP,78,SO78,78283
78285,GRESSEY,78,SO78,78285
78289,GROSROUVRE,78,SO78,78289
78290,GUERNES,78,SO78,78290
78291,GUERVILLE,78,SO78,78291
78296,GUITRANCOURT,78,SO78,78296
78297,GUYANCOURT,78,SO78,78297
78299,HARDRICOURT,78,SO78,78299
78300,HARGEVILLE,78,SO78,78300
78302,HAUTEVILLE,78,SO78,78302
78305,HERBEVILLE,78,SO78,78305
78307,HERMERAY,78,SO78,78307
78310,HOUDAN,78,SO78,78310
78311,HOUILLES,78,SO78,78311
78314,ISSOU,78,SO78,78314
78317,JAMBVILLE,78,SO78,78317
78320,JEUFOSSE,78,SO78,78320
78321,JOUARS-PONTCHARTRAIN,78,SO78,78321
78322,JOUY-EN-JOSAS,78,SO78,78322
78324,JOUY-MAUVOISIN,78,SO78,78324
78325,JUMEAUVILLE,78,SO78,78325
78327,JUZIERS,78,SO78,78327
78329,LAINVILLE-EN-VEXIN,78,SO78,78329
78334,LEVIS-SAINT-NOM,78,SO78,78334
78335,LIMAY,78,SO78,78335
78337,LIMETZ-VILLEZ,78,SO78,78337
78343,LOGES-EN-JOSAS,78,SO78,78343
78344,LOMMOYE,78,SO78,78344
78346,LONGNES,78,SO78,78346
78349,LONGVILLIERS,78,SO78,78349
78350,LOUVECIENNES,78,SO78,78350
78354,MAGNANVILLE,78,SO78,78354
78356,MAGNY-LES-HAMEAUX,78,SO78,78356
78358,MAISONS-LAFFITTE,78,SO78,78358
78361,MANTES-LA-JOLIE,78,SO78,78361
78362,MANTES-LA-VILLE,78,SO78,78362
78364,MARCQ,78,SO78,78364
78366,MAREIL-LE-GUYON,78,SO78,78366
78367,MAREIL-MARLY,78,SO78,78367
78368,MAREIL-SUR-MAULDRE,78,SO78,78368
78372,MARLY-LE-ROI,78,SO78,78372
78380,MAULE,78,SO78,78380
78381,THIONVILLE-SUR-OPTON,78,SO78,78614
78382,MAURECOURT,78,SO78,78382
78383,MAUREPAS,78,SO78,78383
78384,MEDAN,78,SO78,78384
78385,MENERVILLE,78,SO78,78385
78389,MERE,78,SO78,78389
78391,MERICOURT,78,SO78,78391
78396,MESNIL-LE-ROI,78,SO78,78396
78397,MESNIL-SAINT-DENIS,78,SO78,78397
78398,MESNULS,78,SO78,78398
78401,MEULAN-EN-YVELINES,78,SO78,78401
78402,MEZIERES-SUR-SEINE,78,SO78,78402
78403,MEZY-SUR-SEINE,78,SO78,78403
78404,MILLEMONT,78,SO78,78404
78406,MILON-LA-CHAPELLE,78,SO78,78406
78407,MITTAINVILLE,78,SO78,78407
78410,MOISSON,78,SO78,78410
78413,MONDREVILLE,78,SO78,78413
78415,MONTAINVILLE,78,SO78,78415
78416,MONTALET-LE-BOIS,78,SO78,78416
78417,MONTCHAUVET,78,SO78,78417
78418,MONTESSON,78,SO78,78418
78420,MONTFORT-L'AMAURY,78,SO78,78420
78423,MONTIGNY-LE-BRETONNEUX,78,SO78,78423
78431,MORAINVILLIERS,78,SO78,78431
78437,MOUSSEAUX-SUR-SEINE,78,SO78,78437
78439,MULCENT,78,SO78,78439
78440,MUREAUX,78,SO78,78440
78442,NEAUPHLE-LE-CHATEAU,78,SO78,78442
78443,NEAUPHLE-LE-VIEUX,78,SO78,78443
78444,NEAUPHLETTE,78,SO78,78444
78451,NEZEL,78,SO78,78451
78455,NOISY-LE-ROI,78,SO78,78455
78460,OINVILLE-SUR-MONTCIENT,78,SO78,78460
78464,ORCEMONT,78,SO78,78464
78465,ORGERUS,78,SO78,78465
78466,ORGEVAL,78,SO78,78466
78470,ORPHIN,78,SO78,78470
78472,ORSONVILLE,78,SO78,78472
78474,ORVILLIERS,78,SO78,78474
78475,OSMOY,78,SO78,78475
78478,PARAY-DOUAVILLE,78,SO78,78478
78481,PECQ,78,SO78,78481
78484,PERDREAUVILLE,78,SO78,78484
78486,PERRAY-EN-YVELINES,78,SO78,78486
78490,PLAISIR,78,SO78,78490
78497,POIGNY-LA-FORET,78,SO78,78497
78498,POISSY,78,SO78,78498
78499,PONTHEVRARD,78,SO78,78499
78501,PORCHEVILLE,78,SO78,78501
78502,PORT-MARLY,78,SO78,78502
78503,PORT-VILLEZ,78,SO78,78503
78505,PRUNAY-LE-TEMPLE,78,SO78,78505
78506,CRACHES,78,SO78,78187
78513,QUEUE-LES-YVELINES,78,SO78,78513
78516,RAIZEUX,78,SO78,78516
78517,RAMBOUILLET,78,SO78,78517
78518,RENNEMOULIN,78,SO78,78518
78520,RICHEBOURG,78,SO78,78520
78522,ROCHEFORT-EN-YVELINES,78,SO78,78522
78524,ROCQUENCOURT,78,SO78,78524
78528,ROLLEBOISE,78,SO78,78528
78530,ROSAY,78,SO78,78530
78531,ROSNY-SUR-SEINE,78,SO78,78531
78536,SAILLY,78,SO78,78536
78537,SAINT-ARNOULT-EN-YVELINES,78,SO78,78537
78545,SAINT-CYR-L'ECOLE,78,SO78,78545
78548,SAINT-FORGET,78,SO78,78548
78550,SAINT-GERMAIN-DE-LA-GRANGE,78,SO78,78550
78551,SAINT-GERMAIN-EN-LAYE,78,SO78,78551
78557,SAINT-HILARION,78,SO78,78557
78558,SAINT-ILLIERS-LA-VILLE,78,SO78,78558
78559,SAINT-ILLIERS-LE-BOIS,78,SO78,78559
78561,SAINT-LAMBERT,78,SO78,78561
78562,SAINT-LEGER-EN-YVELINES,78,SO78,78562
78564,SAINT-MARTIN-DE-BRETHENCOURT,78,SO78,78564
78565,SAINT-MARTIN-DES-CHAMPS,78,SO78,78565
78567,SAINT-MARTIN-LA-GARENNE,78,SO78,78567
78569,SAINTE-MESME,78,SO78,78569
78571,SAINT-NOM-LA-BRETECHE,78,SO78,78571
78575,SAINT-REMY-LES-CHEVREUSE,78,SO78,78575
78576,SAINT-REMY-L'HONORE,78,SO78,78576
78586,SARTROUVILLE,78,SO78,78586
78588,SAULX-MARCHAIS,78,SO78,78588
78590,SENLISSE,78,SO78,78590
78591,SEPTEUIL,78,SO78,78591
78597,SOINDRES,78,SO78,78597
78601,SONCHAMP,78,SO78,78601
78605,TACOIGNIERES,78,SO78,78605
78606,TARTRE-GAUDRAN,78,SO78,78606
78608,TERTRE-SAINT-DENIS,78,SO78,78608
78609,TESSANCOURT-SUR-AUBETTE,78,SO78,78609
78615,THIVERVAL-GRIGNON,78,SO78,78615
78616,THOIRY,78,SO78,78616
78618,TILLY,78,SO78,78618
78620,TOUSSUS-LE-NOBLE,78,SO78,91620
78621,TRAPPES,78,SO78,78621
78623,TREMBLAY-SUR-MAULDRE,78,SO78,78623
78624,TRIEL-SUR-SEINE,78,SO78,78624
78638,VAUX-SUR-SEINE,78,SO78,78638
78640,VELIZY-VILLACOUBLAY,78,SO78,78640
78642,VERNEUIL-SUR-SEINE,78,SO78,78642
78643,VERNOUILLET,78,SO78,78643
78644,VERRIERE,78,SO78,78644
78646,VERSAILLES,78,SO78,78646
78647,VERT,78,SO78,78647
78650,VESINET,78,SO78,78650
78653,VICQ,78,SO78,78653
78655,VIEILLE-EGLISE-EN-YVELINES,78,SO78,78655
78668,VILLENEUVE-EN-CHEVRIE,78,SO78,78668
78672,VILLENNES-SUR-SEINE,78,SO78,78672
78674,VILLEPREUX,78,SO78,78674
78677,VILLETTE,78,SO78,78677
78681,VILLIERS-LE-MAHIEU,78,SO78,78681
78683,VILLIERS-SAINT-FREDERIC,78,SO78,78683
78686,VIROFLAY,78,SO78,78686
78688,VOISINS-LE-BRETONNEUX,78,SO78,78688
91001,ABBEVILLE-LA-RIVIERE,91,SO91,78001
91016,ANGERVILLE,91,SO91,78016
91017,ANGERVILLIERS,91,SO91,78017
91021,ARPAJON,91,SO91,78021
91022,ARRANCOURT,91,SO91,78022
91027,ATHIS-MONS,91,SO91,78027
91035,AUTHON-LA-PLAINE,91,SO91,78035
91037,AUVERNAUX,91,SO91,78037
91038,AUVERS-SAINT-GEORGES,91,SO91,78038
91041,AVRAINVILLE,91,SO91,78041
91044,BALLAINVILLIERS,91,SO91,78044
91045,BALLANCOURT-SUR-ESSONNE,91,SO91,78045
91047,BAULNE,91,SO91,78047
91064,BIEVRES,91,SO91,78064
91067,BLANDY,91,SO91,78067
91069,BOIGNEVILLE,91,SO91,78069
91075,BOIS-HERPIN,91,SO91,78075
91079,BOISSY-LA-RIVIERE,91,SO91,78079
91080,BOISSY-LE-CUTTE,91,SO91,78080
91081,BOISSY-LE-SEC,91,SO91,78081
91085,BOISSY-SOUS-SAINT-YON,91,SO91,78085
91086,BONDOUFLE,91,SO91,78086
91093,BOULLAY-LES-TROUX,91,SO91,78093
91095,BOURAY-SUR-JUINE,91,SO91,78095
91097,BOUSSY-SAINT-ANTOINE,91,SO91,78097
91098,BOUTERVILLIERS,91,SO91,78098
91099,BOUTIGNY-SUR-ESSONNE,91,SO91,78099
91100,BOUVILLE,91,SO91,78100
91103,BRETIGNY-SUR-ORGE,91,SO91,78103
91105,BREUILLET,91,SO91,78105
91106,BREUX-JOUY,91,SO91,78106
91109,BRIERES-LES-SCELLES,91,SO91,78109
91111,BRIIS-SOUS-FORGES,91,SO91,78111
91112,BROUY,91,SO91,78112
91114,BRUNOY,91,SO91,78114
91115,BRUYERES-LE-CHATEL,91,SO91,78115
91121,BUNO-BONNEVAUX,91,SO91,78121
91122,BURES-SUR-YVETTE,91,SO91,78122
91129,CERNY,91,SO91,78129
91130,CHALO-SAINT-MARS,91,SO91,78130
91131,CHALOU-MOULINEUX,91,SO91,78131
91132,CHAMARANDE,91,SO91,78132
91135,CHAMPCUEIL,91,SO91,78135
91136,CHAMPLAN,91,SO91,78136
91137,CHAMPMOTTEUX,91,SO91,78137
91145,CHATIGNONVILLE,91,SO91,78145
91148,CHAUFFOUR-LES-ETRECHY,91,SO91,78148
91156,CHEPTAINVILLE,91,SO91,78156
91159,CHEVANNES,91,SO91,78159
91161,CHILLY-MAZARIN,91,SO91,78161
91173,CONGERVILLE,91,SO91,78173
91174,CORBEIL-ESSONNES,91,SO91,78174
91175,CORBREUSE,91,SO91,78175
91179,COUDRAY-MONTCEAUX,91,SO91,78179
91180,COURANCES,91,SO91,78180
91182,COURCOURONNES,91,SO91,78182
91184,COURDIMANCHE-SUR-ESSONNE,91,SO91,78184
91186,COURSON-MONTELOUP,91,SO91,78186
91191,CROSNE,91,SO91,78191
91195,DANNEMOIS,91,SO91,78195
91198,D'HUISON-LONGUEVILLE,91,SO91,78198
91200,DOURDAN,91,SO91,78200
91201,DRAVEIL,91,SO91,78201
91204,ECHARCON,91,SO91,78204
91207,EGLY,91,SO91,78207
91215,EPINAY-SOUS-SENART,91,SO91,78215
91216,EPINAY-SUR-ORGE,91,SO91,78216
91221,ESSONNES,91,SO91,78221
91222,ESTOUCHES,91,SO91,78222
91223,ETAMPES,91,SO91,78223
91225,ETIOLLES,91,SO91,78225
91226,ETRECHY,91,SO91,78226
91228,EVRY,91,SO91,78228
91232,FERTE-ALAIS,91,SO91,78232
91235,FLEURY-MEROGIS,91,SO91,78235
91240,FONTAINE-LA-RIVIERE,91,SO91,78240
91243,FONTENAY-LES-BRIIS,91,SO91,78243
91244,FONTENAY-LE-VICOMTE,91,SO91,78244
91247,FORET-LE-ROI,91,SO91,78247
91248,FORET-SAINTE-CROIX,91,SO91,78248
91249,FORGES-LES-BAINS,91,SO91,78249
91272,GIF-SUR-YVETTE,91,SO91,78272
91273,GIRONVILLE-SUR-ESSONNE,91,SO91,78273
91274,GOMETZ-LA-VILLE,91,SO91,78274
91275,GOMETZ-LE-CHATEL,91,SO91,78275
91284,GRANGES-LE-ROI,91,SO91,78284
91286,GRIGNY,91,SO91,78286
91292,GUIBEVILLE,91,SO91,78292
91293,GUIGNEVILLE-SUR-ESSONNE,91,SO91,78293
91294,GUILLERVAL,91,SO91,78294
91312,IGNY,91,SO91,78312
91315,ITTEVILLE,91,SO91,78315
91318,JANVILLE-SUR-JUINE,91,SO91,78318
91319,JANVRY,91,SO91,78319
91326,JUVISY-SUR-ORGE,91,SO91,78326
91330,LARDY,91,SO91,78330
91332,LEUDEVILLE,91,SO91,78332
91333,LEUVILLE-SUR-ORGE,91,SO91,78333
91338,LIMOURS,91,SO91,78338
91339,LINAS,91,SO91,78339
91340,LISSES,91,SO91,78340
91345,LONGJUMEAU,91,SO91,78345
91347,LONGPONT-SUR-ORGE,91,SO91,78347
91359,MAISSE,91,SO91,78359
91363,MARCOUSSIS,91,SO91,78363
91374,MAROLLES-EN-BEAUCE,91,SO91,78374
91376,MAROLLES-EN-HUREPOIX,91,SO91,78376
91377,MASSY,91,SO91,78377
91378,MAUCHAMPS,91,SO91,78378
91386,MENNECY,91,SO91,78386
91390,MEREVILLE,91,SO91,78390
91393,MEROBERT,91,SO91,78393
91399,MESPUITS,91,SO91,78399
91405,MILLY-LA-FORET,91,SO91,78405
91408,MOIGNY-SUR-ECOLE,91,SO91,78408
91411,MOLIERES,91,SO91,78411
91412,MONDEVILLE,91,SO91,78412
91414,MONNERVILLE,91,SO91,78414
91421,MONTGERON,91,SO91,78421
91425,MONTLHERY,91,SO91,78425
91432,MORANGIS,91,SO91,78432
91433,MORIGNY-CHAMPIGNY,91,SO91,78433
91434,MORSANG-SUR-ORGE,91,SO91,78434
91435,MORSANG-SUR-SEINE,91,SO91,78435
91441,NAINVILLE-LES-ROCHES,91,SO91,78441
91457,NORVILLE,91,SO91,78457
91458,NOZAY,91,SO91,78458
91461,OLLAINVILLE,91,SO91,78461
91463,ONCY-SUR-ECOLE,91,SO91,78463
91468,ORMOY,91,SO91,78468
91469,ORMOY-LA-RIVIERE,91,SO91,78469
91471,ORSAY,91,SO91,78471
91473,ORVEAU,91,SO91,78473
91477,PALAISEAU,91,SO91,78477
91479,PARAY-VIEILLE-POSTE,91,SO91,78479
91482,PECQUEUSE,91,SO91,78482
91494,PLESSIS-PATE,91,SO91,78494
91495,PLESSIS-SAINT-BENOIST,91,SO91,78495
91507,PRUNAY-SUR-ESSONNE,91,SO91,78507
91508,PUISELET-LE-MARAIS,91,SO91,78508
91511,PUSSAY,91,SO91,78511
91514,QUINCY-SOUS-SENART,91,SO91,78514
91519,RICHARVILLE,91,SO91,78519
91521,RIS-ORANGIS,91,SO91,78521
91525,ROINVILLE,91,SO91,78525
91526,ROINVILLIERS,91,SO91,78526
91533,SACLAS,91,SO91,78533
91534,SACLAY,91,SO91,78534
91538,SAINT-AUBIN,91,SO91,78538
91540,SAINT-CHERON,91,SO91,78540
91544,SAINT-CYR-LA-RIVIERE,91,SO91,78544
91546,SAINT-CYR-SOUS-DOURDAN,91,SO91,78546
91547,SAINT-ESCOBILLE,91,SO91,78547
91549,SAINTE-GENEVIEVE-DES-BOIS,91,SO91,78549
91552,SAINT-GERMAIN-LES-ARPAJON,91,SO91,78552
91553,SAINT-GERMAIN-LES-CORBEIL,91,SO91,78553
91556,SAINT-HILAIRE,91,SO91,78556
91560,SAINT-JEAN-DE-BEAUREGARD,91,SO91,78560
91568,SAINT-MAURICE-MONTCOURONNE,91,SO91,78568
91570,SAINT-MICHEL-SUR-ORGE,91,SO91,78570
91573,SAINT-PIERRE-DU-PERRAY,91,SO91,78573
91577,SAINTRY-SUR-SEINE,91,SO91,78577
91578,SAINT-SULPICE-DE-FAVIERES,91,SO91,78578
91579,SAINT-VRAIN,91,SO91,78579
91581,SAINT-YON,91,SO91,78581
91587,SAULX-LES-CHARTREUX,91,SO91,78587
91589,SAVIGNY-SUR-ORGE,91,SO91,78589
91593,SERMAISE,91,SO91,78593
91599,SOISY-SUR-ECOLE,91,SO91,78599
91600,SOISY-SUR-SEINE,91,SO91,78600
91602,SOUZY-LA-BRICHE,91,SO91,78602
91613,CONGERVILLE-THIONVILLE,91,SO91,78613
91617,TIGERY,91,SO91,78617
91619,TORFOU,91,SO91,78619
91629,VALPUISEAUX,91,SO91,78629
91630,VAL-SAINT-GERMAIN,91,SO91,78630
91631,VARENNES-JARCY,91,SO91,78631
91634,VAUGRIGNEUSE,91,SO91,78634
91635,VAUHALLAN,91,SO91,78635
91639,VAYRES-SUR-ESSONNE,91,SO91,78639
91645,VERRIERES-LE-BUISSON,91,SO91,78645
91648,VERT-LE-GRAND,91,SO91,78648
91649,VERT-LE-PETIT,91,SO91,78649
91654,VIDELLES,91,SO91,78654
91657,VIGNEUX-SUR-SEINE,91,SO91,78657
91659,VILLABE,91,SO91,78659
91661,VILLEBON-SUR-YVETTE,91,SO91,78661
91662,VILLECONIN,91,SO91,78662
91665,VILLE-DU-BOIS,91,SO91,78665
91666,VILLEJUST,91,SO91,78666
91667,VILLEMOISSON-SUR-ORGE,91,SO91,78667
91671,VILLENEUVE-SUR-AUVERS,91,SO91,78671
91679,VILLIERS-LE-BACLE,91,SO91,78679
91685,VILLIERS-SUR-ORGE,91,SO91,78685
91687,VIRY-CHATILLON,91,SO91,78687
91689,WISSOUS,91,SO91,78689
91691,YERRES,91,SO91,78691
91692,ULIS,91,SO91,91692
92002,ANTONY,92,SE92,75002
92004,ASNIERES,92,SE92,75004
92007,BAGNEUX,92,SE92,75007
92009,BOIS-COLOMBES,92,SE92,75009
92012,BOULOGNE-BILLANCOURT,92,SE92,75012
92014,BOURG-LA-REINE,92,SE92,75014
92019,CHATENAY-MALABRY,92,SE92,75019
92020,CHATILLON,92,SE92,75020
92022,CHAVILLE,92,SO92,78153
92023,CLAMART,92,SE92,75023
92024,CLICHY,92,SE92,75024
92025,COLOMBES,92,SE92,75025
92026,COURBEVOIE,92,SE92,75026
92032,FONTENAY-AUX-ROSES,92,SE92,75032
92033,GARCHES,92,SO92,78266
92035,GARENNE-COLOMBES,92,SE92,75035
92036,GENNEVILLIERS,92,SE92,75036
92040,ISSY-LES-MOULINEAUX,92,SE92,75040
92044,LEVALLOIS-PERRET,92,SE92,75044
92046,MALAKOFF,92,SE92,75047
92047,MARNES-LA-COQUETTE,92,SO92,78373
92048,MEUDON,92,SO92,78400
92049,MONTROUGE,92,SE92,75049
92050,NANTERRE,92,SE92,75050
92051,NEUILLY-SUR-SEINE,92,SE92,75051
92060,PLESSIS-ROBINSON,92,SE92,75060
92062,PUTEAUX,92,SE92,75062
92063,RUEIL-MALMAISON,92,SO92,78532
92064,SAINT-CLOUD,92,SO92,78542
92071,SCEAUX,92,SE92,75071
92072,SEVRES,92,SO92,78596
92073,SURESNES,92,SE92,75073
92075,VANVES,92,SE92,75075
92076,VAUCRESSON,92,SO92,78632
92077,VILLE-D'AVRAY,92,SO92,78664
92078,VILLENEUVE-LA-GARENNE,92,SE92,75078
93001,AUBERVILLIERS,93,SE93,75005
93005,AULNAY-SOUS-BOIS,93,SO93,78032
93006,BAGNOLET,93,SE93,75006
93007,BLANC-MESNIL,93,SO93,78066
93008,BOBIGNY,93,SE93,75008
93010,BONDY,93,SE93,75010
93013,BOURGET,93,SE93,75013
93014,CLICHY-SOUS-BOIS,93,SO93,78167
93015,COUBRON,93,SO93,78178
93027,COURNEUVE,93,SE93,75027
93029,DRANCY,93,SE93,75029
93030,DUGNY,93,SE93,75030
93031,EPINAY-SUR-SEINE,93,SE93,75031
93032,GAGNY,93,SO93,78260
93033,GOURNAY-SUR-MARNE,93,SO93,78279
93039,ILE-SAINT-DENIS,93,SE93,75039
93045,LILAS,93,SE93,75045
93046,LIVRY-GARGAN,93,SO93,78342
93047,MONTFERMEIL,93,SO93,78419
93048,MONTREUIL,93,SE93,75048
93049,NEUILLY-PLAISANCE,93,SO93,78448
93050,NEUILLY-SUR-MARNE,93,SO93,78449
93051,NOISY-LE-GRAND,93,SO93,78454
93053,NOISY-LE-SEC,93,SE93,75053
93055,PANTIN,93,SE93,75055
93057,PAVILLONS-SOUS-BOIS,93,SE93,75057
93059,PIERREFITTE-SUR-SEINE,93,SE93,75059
93061,PRE-SAINT-GERVAIS,93,SE93,75061
93062,RAINCY,93,SO93,78515
93063,ROMAINVILLE,93,SE93,75063
93064,ROSNY-SOUS-BOIS,93,SE93,75064
93066,SAINT-DENIS,93,SE93,75066
93070,SAINT-OUEN,93,SE93,75070
93071,SEVRAN,93,SO93,78595
93072,STAINS,93,SE93,75072
93073,TREMBLAY-LES-GONESSE,93,SO93,78622
93074,VAUJOURS,93,SO93,78636
93077,VILLEMOMBLE,93,SE93,75077
93078,VILLEPINTE,93,SO93,78673
93079,VILLETANEUSE,93,SE93,75079
94001,ABLON-SUR-SEINE,94,SO94,78004
94002,ALFORTVILLE,94,SE94,75001
94003,ARCUEIL,94,SE94,75003
94004,BOISSY-SAINT-LEGER,94,SO94,78083
94011,BONNEUIL-SUR-MARNE,94,SE94,75011
94015,BRY-SUR-MARNE,94,SE94,75015
94016,CACHAN,94,SE94,75016
94017,CHAMPIGNY-SUR-MARNE,94,SE94,75017
94018,CHARENTON-LE-PONT,94,SE94,75018
94019,CHENNEVIERES-SUR-MARNE,94,SO94,78155
94021,CHEVILLY-LARUE,94,SE94,75021
94022,CHOISY-LE-ROI,94,SE94,75022
94028,CRETEIL,94,SE94,75028
94033,FONTENAY-SOUS-BOIS,94,SE94,75033
94034,FRESNES,94,SE94,75034
94037,GENTILLY,94,SE94,75037
94038,HAY-LES-ROSES,94,SE94,75038
94041,IVRY-SUR-SEINE,94,SE94,75041
94042,JOINVILLE-LE-PONT,94,SE94,75042
94043,KREMLIN-BICETRE,94,SE94,75043
94044,LIMEIL-BREVANNES,94,SO94,78336
94046,MAISONS-ALFORT,94,SE94,75046
94047,MANDRES-LES-ROSES,94,SO94,78360
94048,MAROLLES-EN-BRIE,94,SO94,78375
94052,NOGENT-SUR-MARNE,94,SE94,75052
94053,NOISEAU,94,SO94,78453
94054,ORLY,94,SE94,75054
94055,ORMESSON-SUR-MARNE,94,SO94,78467
94056,PERIGNY,94,SO94,78485
94058,PERREUX-SUR-MARNE,94,SE94,75058
94059,PLESSIS-TREVISE,94,SO94,78496
94060,QUEUE-EN-BRIE,94,SO94,78512
94065,RUNGIS,94,SE94,75065
94067,SAINT-MANDE,94,SE94,75067
94068,SAINT-MAUR-DES-FOSSES,94,SE94,75068
94069,SAINT-MAURICE,94,SE94,75069
94070,SANTENY,94,SO94,78583
94071,SUCY-EN-BRIE,94,SO94,78603
94073,THIAIS,94,SE94,75074
94074,VALENTON,94,SO94,78626
94075,VILLECRESNES,94,SO94,78663
94076,VILLEJUIF,94,SE94,75076
94077,VILLENEUVE-LE-ROI,94,SO94,78669
94078,VILLENEUVE-SAINT-GEORGES,94,SO94,78670
94079,VILLIERS-SUR-MARNE,94,SO94,78684
94080,VINCENNES,94,SE94,75080
94081,VITRY-SUR-SEINE,94,SE94,75081
95002,ABLEIGES,95,SO95,78002
95008,AINCOURT,95,SO95,78008
95011,AMBLEVILLE,95,SO95,78011
95012,AMENUCOURT,95,SO95,78012
95014,ANDILLY,95,SO95,78014
95018,ARGENTEUIL,95,SO95,78018
95019,ARNOUVILLE-LES-GONESSE,95,SO95,78019
95023,ARRONVILLE,95,SO95,78023
95024,ARTHIES,95,SO95,78024
95025,ARTHIEUL,95,SO95,78025
95026,ASNIERES-SUR-OISE,95,SO95,78026
95028,ATTAINVILLE,95,SO95,78028
95039,AUVERS-SUR-OISE,95,SO95,78039
95040,AVERNES,95,SO95,78040
95042,BAILLET-EN-FRANCE,95,SO95,78042
95046,BANTHELU,95,SO95,78046
95051,BEAUCHAMP,95,SO95,78051
95052,BEAUMONT-SUR-OISE,95,SO95,78052
95054,BELLAY-EN-VEXIN,95,SO95,78054
95055,BELLEFONTAINE,95,SO95,78055
95056,BELLOY-EN-FRANCE,95,SO95,78056
95058,BERNES-SUR-OISE,95,SO95,78058
95059,BERVILLE,95,SO95,78059
95060,BESSANCOURT,95,SO95,78060
95061,BETHEMONT-LA-FORET,95,SO95,78061
95063,BEZONS,95,SO95,78063
95065,BLAMECOURT,95,SO95,78065
95074,BOISEMONT,95,SO95,78074
95078,BOISSY-L'AILLERIE,95,SO95,78078
95088,BONNEUIL-EN-FRANCE,95,SO95,78088
95091,BOUFFEMONT,95,SO95,78091
95094,BOUQUEVAL,95,SO95,78094
95101,BRAY-ET-LU,95,SO95,78101
95102,BREANCON,95,SO95,78102
95110,BRIGNANCOURT,95,SO95,78110
95116,BRUYERES-SUR-OISE,95,SO95,78116
95119,BUHY,95,SO95,78119
95120,BUTRY-SUR-OISE,95,SO95,78692
95127,CERGY,95,SO95,78127
95134,CHAMPAGNE-SUR-OISE,95,SO95,78134
95139,CHAPELLE-EN-VEXIN,95,SO95,78139
95141,CHARMONT,95,SO95,78141
95142,CHARS,95,SO95,78142
95144,CHATENAY-EN-FRANCE,95,SO95,78144
95149,CHAUMONTEL,95,SO95,78149
95150,CHAUSSY,95,SO95,78150
95151,CHAUVRY,95,SO95,78151
95154,CHENNEVIERES-LES-LOUVRES,95,SO95,78154
95157,CHERENCE,95,SO95,78157
95166,CLERY-EN-VEXIN,95,SO95,78166
95169,COMMENY,95,SO95,78169
95170,CONDECOURT,95,SO95,78170
95176,CORMEILLES-EN-PARISIS,95,SO95,78176
95177,CORMEILLES-EN-VEXIN,95,SO95,78177
95181,COURCELLES-SUR-VIOSNE,95,SO95,78181
95183,COURDIMANCHE,95,SO95,78183
95197,DEUIL-LA-BARRE,95,SO95,78197
95199,DOMONT,95,SO95,78199
95203,EAUBONNE,95,SO95,78203
95205,ECOUEN,95,SO95,78205
95210,ENGHIEN-LES-BAINS,95,SO95,78210
95211,ENNERY,95,SO95,78211
95212,EPIAIS-LES-LOUVRES,95,SO95,78212
95213,EPIAIS-RHUS,95,SO95,78213
95214,EPINAY-CHAMPLATREUX,95,SO95,78214
95218,ERAGNY,95,SO95,78218
95219,ERMONT,95,SO95,78219
95229,EZANVILLE,95,SO95,78229
95241,FONTENAY-EN-PARISIS,95,SO95,78241
95250,FOSSES,95,SO95,78250
95252,FRANCONVILLE,95,SO95,78252
95253,FREMAINVILLE,95,SO95,78253
95254,FREMECOURT,95,SO95,78254
95256,FREPILLON,95,SO95,78256
95257,FRETTE-SUR-SEINE,95,SO95,78257
95258,FROUVILLE,95,SO95,78258
95259,GADANCOURT,95,SO95,78259
95268,GARGES-LES-GONESSE,95,SO95,78268
95270,GENAINVILLE,95,SO95,78270
95271,GENICOURT,95,SO95,78271
95277,GONESSE,95,SO95,78277
95280,GOUSSAINVILLE,95,SO95,78280
95282,GOUZANGREZ,95,SO95,78282
95287,GRISY-LES-PLATRES,95,SO95,78287
95288,GROSLAY,95,SO95,78288
95295,GUIRY-EN-VEXIN,95,SO95,78295
95298,HARAVILLIERS,95,SO95,78298
95301,HAUTE-ISLE,95,SO95,78301
95303,HEAULME,95,SO95,78303
95304,HEDOUVILLE,95,SO95,78304
95306,HERBLAY,95,SO95,78306
95308,HEROUVILLE,95,SO95,78308
95309,HODENT,95,SO95,78309
95313,ISLE-ADAM,95,SO95,78313
95316,JAGNY-SOUS-BOIS,95,SO95,78316
95323,JOUY-LE-MOUTIER,95,SO95,78323
95328,LABBEVILLE,95,SO95,78328
95331,LASSY,95,SO95,78331
95341,LIVILLIERS,95,SO95,78341
95348,LONGUESSE,95,SO95,78348
95351,LOUVRES,95,SO95,78351
95352,LUZARCHES,95,SO95,78352
95353,MAFFLIERS,95,SO95,78353
95355,MAGNY-EN-VEXIN,95,SO95,78355
95365,MAREIL-EN-FRANCE,95,SO95,78365
95369,MARGENCY,95,SO95,78369
95370,MARINES,95,SO95,78370
95371,MARLY-LA-VILLE,95,SO95,78371
95379,MAUDETOUR-EN-VEXIN,95,SO95,78379
95387,MENOUVILLE,95,SO95,78387
95388,MENUCOURT,95,SO95,78388
95392,MERIEL,95,SO95,78392
95394,MERY-SUR-OISE,95,SO95,78394
95395,MESNIL-AUBRY,95,SO95,78395
95409,MOISSELLES,95,SO95,78409
95422,MONTGEROULT,95,SO95,78422
95424,MONTIGNY-LES-CORMEILLES,95,SO95,78424
95426,MONTLIGNON,95,SO95,78426
95427,MONTMAGNY,95,SO95,78427
95428,MONTMORENCY,95,SO95,78428
95429,MONTREUIL-SUR-EPTE,95,SO95,78429
95430,MONTSOULT,95,SO95,78430
95436,MOURS,95,SO95,78436
95438,MOUSSY,95,SO95,78438
95445,NERVILLE-LA-FORET,95,SO95,78445
95446,NESLES-LA-VALLEE,95,SO95,78446
95447,NEUILLY-EN-VEXIN,95,SO95,78447
95450,NEUVILLE-SUR-OISE,95,SO95,78450
95452,NOINTEL,95,SO95,78452
95456,NOISY-SUR-OISE,95,SO95,78456
95459,NUCOURT,95,SO95,78459
95462,OMERVILLE,95,SO95,78462
95476,OSNY,95,SO95,78476
95480,PARMAIN,95,SO95,78480
95483,PERCHAY,95,SO95,78483
95487,PERSAN,95,SO95,78487
95488,PIERRELAYE,95,SO95,78488
95489,PISCOP,95,SO95,78489
95491,PLESSIS-BOUCHARD,95,SO95,78491
95492,PLESSIS-GASSOT,95,SO95,78492
95493,PLESSIS-LUZARCHES,95,SO95,78493
95500,PONTOISE,95,SO95,78500
95504,PRESLES,95,SO95,78504
95509,PUISEUX-EN-FRANCE,95,SO95,78509
95510,PUISEUX-PONTOISE,95,SO95,78510
95523,ROCHE-GUYON,95,SO95,78523
95527,ROISSY-EN-FRANCE,95,SO95,78527
95529,RONQUEROLLES,95,SO95,78529
95535,SAGY,95,SO95,78535
95539,SAINT-BRICE-SOUS-FORET,95,SO95,78539
95541,SAINT-CLAIR-SUR-EPTE,95,SO95,78541
95543,SAINT-CYR-EN-ARTHIES,95,SO95,78543
95554,SAINT-GERVAIS,95,SO95,78554
95555,SAINT-GRATIEN,95,SO95,78555
95563,SAINT-LEU-LA-FORET,95,SO95,78563
95566,SAINT-MARTIN-DU-TERTRE,95,SO95,78566
95572,SAINT-OUEN-L'AUMONE,95,SO95,78572
95574,SAINT-PRIX,95,SO95,78574
95580,SAINT-WITZ,95,SO95,78580
95582,SANNOIS,95,SO95,78582
95584,SANTEUIL,95,SO95,78584
95585,SARCELLES,95,SO95,78585
95592,SERAINCOURT,95,SO95,78592
95594,SEUGY,95,SO95,78594
95598,SOISY-SOUS-MONTMORENCY,95,SO95,78598
95604,SURVILLIERS,95,SO95,78604
95607,TAVERNY,95,SO95,78607
95610,THEMERICOURT,95,SO95,78610
95611,THEUVILLE,95,SO95,78611
95612,THILLAY,95,SO95,78612
95625,US,95,SO95,78625
95627,VALLANGOUJARD,95,SO95,78627
95628,VALMONDOIS,95,SO95,78628
95633,VAUDHERLAND,95,SO95,78633
95637,VAUREAL,95,SO95,78637
95641,VEMARS,95,SO95,78641
95651,VETHEUIL,95,SO95,78651
95652,VIARMES,95,SO95,78652
95656,VIENNE-EN-ARTHIES,95,SO95,78656
95658,VIGNY,95,SO95,78658
95660,VILLAINES-SOUS-BOIS,95,SO95,78660
95675,VILLERON,95,SO95,78675
95676,VILLERS-EN-ARTHIES,95,SO95,78676
95678,VILLIERS-ADAM,95,SO95,78678
95680,VILLIERS-LE-BEL,95,SO95,78680
95682,VILLIERS-LE-SEC,95,SO95,78682
95690,WY-DIT-JOLI-VILLAGE,95,SO95,78690
